category,prompt
Cooking,Can you give me a simple recipe for chocolate chip cookies?
History,What were the main causes of World War I?
Science,How does photosynthesis work in plants?
Travel,What are some popular tourist attractions in Paris?
Technology,How do I back up my phone to the cloud?
Health,What are some good exercises for strengthening core muscles?
Education,Can you explain the Pythagorean theorem?
Literature,Who wrote 'Pride and Prejudice' and what is it about?
Music,What are the basic chords for beginners learning guitar?
Business,What is the difference between revenue and profit?
